{"cameraMode":{"drawMode":0,"name":"Shaded","section":"Shading Mode"},"sceneLighting":false,"audioPlay":false,"sceneViewState":{"m_AlwaysRefresh":false,"showFog":true,"showSkybox":false,"showFlares":true,"showImageEffects":true,"showParticleSystems":true,"showVisualEffectGraphs":true,"m_FxEnabled":false},"in2DMode":false,"pivot":{"x":0.9529584050178528,"y":0.37041133642196658,"z":-0.6941097378730774},"rotation":{"x":-0.07234811782836914,"y":0.1889135092496872,"z":-0.014422864653170109,"w":-0.9796828627586365},"size":0.8660253882408142,"orthographic":false}