{"cameraMode":{"drawMode":0,"name":"Shaded","section":"Shading Mode"},"sceneLighting":false,"audioPlay":false,"sceneViewState":{"m_AlwaysRefresh":false,"showFog":true,"showSkybox":true,"showFlares":true,"showImageEffects":true,"showParticleSystems":true,"showVisualEffectGraphs":true,"m_FxEnabled":false},"in2DMode":false,"pivot":{"x":2.9875447750091554,"y":-67.96349334716797,"z":19.87981605529785},"rotation":{"x":-0.5951251983642578,"y":-0.006539785768836737,"z":0.0015773605555295945,"w":-0.8049885034561157},"size":41.773677825927737,"orthographic":false}