{"cameraMode":{"drawMode":0,"name":"Shaded","section":"Shading Mode"},"sceneLighting":false,"audioPlay":false,"sceneViewState":{"m_AlwaysRefresh":false,"showFog":true,"showSkybox":true,"showFlares":true,"showImageEffects":true,"showParticleSystems":true,"showVisualEffectGraphs":true,"m_FxEnabled":false},"in2DMode":false,"pivot":{"x":15.627357482910157,"y":-13.969803810119629,"z":-0.030732909217476846},"rotation":{"x":-0.27313244342803957,"y":-0.640284538269043,"z":0.25629064440727236,"w":-0.6724953651428223},"size":12.12435531616211,"orthographic":false}