{"cameraMode":{"drawMode":0,"name":"Shaded","section":"Shading Mode"},"sceneLighting":false,"audioPlay":false,"sceneViewState":{"m_AlwaysRefresh":false,"showFog":true,"showSkybox":false,"showFlares":true,"showImageEffects":true,"showParticleSystems":true,"showVisualEffectGraphs":true,"m_FxEnabled":false},"in2DMode":false,"pivot":{"x":0.1304045170545578,"y":0.11934707313776016,"z":1.432199239730835},"rotation":{"x":-0.0006237657507881522,"y":-0.04347953200340271,"z":-0.00044290602090768516,"w":-0.999509334564209},"size":1.2869962453842164,"orthographic":false}